<?xml version="1.0" encoding="UTF-8"?>
<beans xmlns="http://www.springframework.org/schema/beans"
	xmlns:xsi="http://www.w3.org/2001/XMLSchema-instance"
	xsi:schemaLocation="http://www.springframework.org/schema/beans https://www.springframework.org/schema/beans/spring-beans.xsd">
	
	<!-- Root Context: defines shared resources visible to all other web components -->
	
	<!-- mail 설정 -->
	<bean id="mailSender" class="org.springframework.mail.javamail.JavaMailSenderImpl"> 
     	<property name="host" value="smtp.gmail.com" />
  		<property name="port" value="587" />
 		<property name="username" value="togetherdodo@gmail.com"/> <!-- 이메일 아이디 -->
		<property name="password" value="3gkaRpgkwh!"/> <!-- 비밀번호 -->
	 <!-- 보안연결 TLS과 관련된 설정 -->
	    <property name="javaMailProperties">
			<props>
		    	<prop key="mail.smtp.starttls.enable">true</prop>
		       	<prop key="mail.smtp.auth">true</prop>
		       	<prop key="mail.transport.protocol">smtp</prop>
		       	<prop key="mail.debug">true</prop>
		    </props>
	    </property>
	</bean>
		
	<!--스프링시큐리티 라이브러리 BcryptPasswordEncoder -->
	<bean id="bcryptPasswordEncoder" class="org.springframework.security.crypto.bcrypt.BCryptPasswordEncoder" />
	
	
</beans>
