<?xml version="1.0" encoding="UTF-8"?>
<beans xmlns="http://www.springframework.org/schema/beans"
	xmlns:xsi="http://www.w3.org/2001/XMLSchema-instance"
	xmlns:security="http://www.springframework.org/schema/security"
	xsi:schemaLocation="http://www.springframework.org/schema/security http://www.springframework.org/schema/security/spring-security-5.2.xsd
		http://www.springframework.org/schema/beans http://www.springframework.org/schema/beans/spring-beans.xsd">
		
	<security:http>
	
        <!-- <security:intercept-url pattern="/admin/" access="hasRole('ROLE_ADMIN')"/> -->
	
	    <security:form-login login-page="/adminLogin" />
	    
	    <security:logout invalidate-session="true" />
		
	</security:http>

    <security:authentication-manager>
        <security:authentication-provider>
            <security:user-service>
                <security:user name="secadmin" password="{noop}sec12345" authorities="ROLE_ADMIN"/>
            </security:user-service>
        </security:authentication-provider>
    </security:authentication-manager>

</beans>
