<?xml version="1.0" encoding="UTF-8"?>
<!DOCTYPE mapper PUBLIC "-//mybatis.org//DTD Mapper 3.0//EN"
  "http://mybatis.org/dtd/mybatis-3-mapper.dtd">
<mapper namespace="mapperInterface.NoticeMapper">
    
     
    <!-- ** PageList1 ~~~~~~~~~~~~~~~~~~~~~~-->
	<select id="totalRowCount" resultType="int">
		select count(*) from notice
	</select>
	
	<select id="pageList" resultType="vo.NoticeVO">
		select seq,title,regdate from 
		(select n.* , ROW_NUMBER() OVER(order by seq desc) rnum from notice n) 
		where rnum between #{sno} and #{eno}
	</select>

	<select id="selectList" resultType="vo.NoticeVO">
		select seq, title, regdate, id, cnt from notice order by seq desc
	</select>
	
	<select id="selectOne" resultType="vo.NoticeVO">
		select * from notice where seq = #{seq}
	</select>
	
	<!-- ** 조회수증가 -->
	<update id="countUp">
		update notice set cnt=cnt+1 where seq=#{seq}
	</update>

	<!-- 원글입력 -->
	<insert id="insert">
		<selectKey keyProperty="seq" resultType="int" order="BEFORE">
			select nvl(max(seq),0)+1 from notice
		</selectKey>
		insert into notice values ( 
			#{seq},#{title},SYSTIMESTAMP,#{content},#{id},0)
	</insert>
	
	<update id="update">
		update notice set title=#{title}, content=#{content} where seq=#{seq}
	</update>
	
	<delete id="delete">
		DELETE from notice
		where seq=#{seq} 
	</delete>

</mapper>